<?xml version="1.0" encoding="UTF-8"?><rss version="2.0"
	xmlns:content="http://purl.org/rss/1.0/modules/content/"
	xmlns:wfw="http://wellformedweb.org/CommentAPI/"
	xmlns:dc="http://purl.org/dc/elements/1.1/"
	xmlns:atom="http://www.w3.org/2005/Atom"
	xmlns:sy="http://purl.org/rss/1.0/modules/syndication/"
	xmlns:slash="http://purl.org/rss/1.0/modules/slash/"
	>

<channel>
	<title>ZARA</title>
	<atom:link href="http://localhost/compito/feed/?simply_static_page=25" rel="self" type="application/rss+xml" />
	<link></link>
	<description></description>
	<lastBuildDate>Wed, 01 Mar 2023 16:03:50 +0000</lastBuildDate>
	<language>it-IT</language>
	<sy:updatePeriod>
	hourly	</sy:updatePeriod>
	<sy:updateFrequency>
	1	</sy:updateFrequency>
	<generator>https://wordpress.org/?v=6.1.1</generator>

<image>
	<url>/wp-content/uploads/2023/03/Zara-logо-3-150x150.png</url>
	<title>ZARA</title>
	<link></link>
	<width>32</width>
	<height>32</height>
</image> 
	<item>
		<title>Ciao mondo!</title>
		<link>/2023/03/01/ciao-mondo/</link>
					<comments>/2023/03/01/ciao-mondo/#comments</comments>
		
		<dc:creator><![CDATA[Michela]]></dc:creator>
		<pubDate>Wed, 01 Mar 2023 16:03:50 +0000</pubDate>
				<category><![CDATA[Senza categoria]]></category>
		<guid isPermaLink="false">/?p=1</guid>

					<description><![CDATA[Ti diamo il benvenuto in WordPress. Questo è il tuo primo articolo. Modificalo o eliminalo e quindi inizia a scrivere!]]></description>
										<content:encoded><![CDATA[
<p>Ti diamo il benvenuto in WordPress. Questo è il tuo primo articolo. Modificalo o eliminalo e quindi inizia a scrivere!</p>
]]></content:encoded>
					
					<wfw:commentRss>/2023/03/01/ciao-mondo/feed/</wfw:commentRss>
			<slash:comments>1</slash:comments>
		
		
			</item>
	</channel>
</rss>
